# ************************************************************
# Sequel Pro SQL dump
# Version 4096
#
# http://www.sequelpro.com/
# http://code.google.com/p/sequel-pro/
#
# Host: home (MySQL 5.5.32-0ubuntu0.12.04.1)
# Database: clanwars_wdb
# Generation Time: 2013-08-13 03:50:20 +0000
# ************************************************************


/*!40101 SET @OLD_CHARACTER_SET_CLIENT=@@CHARACTER_SET_CLIENT */;
/*!40101 SET @OLD_CHARACTER_SET_RESULTS=@@CHARACTER_SET_RESULTS */;
/*!40101 SET @OLD_COLLATION_CONNECTION=@@COLLATION_CONNECTION */;
/*!40101 SET NAMES utf8 */;
/*!40014 SET @OLD_FOREIGN_KEY_CHECKS=@@FOREIGN_KEY_CHECKS, FOREIGN_KEY_CHECKS=0 */;
/*!40101 SET @OLD_SQL_MODE=@@SQL_MODE, SQL_MODE='NO_AUTO_VALUE_ON_ZERO' */;
/*!40111 SET @OLD_SQL_NOTES=@@SQL_NOTES, SQL_NOTES=0 */;


# Dump of table playercreateinfo
# ------------------------------------------------------------

DROP TABLE IF EXISTS `playercreateinfo`;

CREATE TABLE `playercreateinfo` (
  `race` tinyint(3) unsigned NOT NULL DEFAULT '0',
  `class` tinyint(3) unsigned NOT NULL DEFAULT '0',
  `map` smallint(5) unsigned NOT NULL DEFAULT '0',
  `zone` mediumint(8) unsigned NOT NULL DEFAULT '0',
  `position_x` float NOT NULL DEFAULT '0',
  `position_y` float NOT NULL DEFAULT '0',
  `position_z` float NOT NULL DEFAULT '0',
  `orientation` float NOT NULL DEFAULT '0',
  PRIMARY KEY (`race`,`class`)
) ENGINE=MyISAM DEFAULT CHARSET=utf8;

LOCK TABLES `playercreateinfo` WRITE;
/*!40000 ALTER TABLE `playercreateinfo` DISABLE KEYS */;

INSERT INTO `playercreateinfo` (`race`, `class`, `map`, `zone`, `position_x`, `position_y`, `position_z`, `orientation`)
VALUES
	(1,1,530,3483,-249.917,1029.19,54.3243,1.56714),
	(1,2,530,3483,-249.917,1029.19,54.3243,1.56714),
	(1,4,530,3483,-249.917,1029.19,54.3243,1.56714),
	(1,5,530,3483,-249.917,1029.19,54.3243,1.56714),
	(1,8,530,3483,-249.917,1029.19,54.3243,1.56714),
	(1,9,530,3483,-249.917,1029.19,54.3243,1.56714),
	(2,1,530,3483,-249.917,1029.19,54.3243,1.56714),
	(2,3,530,3483,-249.917,1029.19,54.3243,1.56714),
	(2,4,530,3483,-249.917,1029.19,54.3243,1.56714),
	(2,7,530,3483,-249.917,1029.19,54.3243,1.56714),
	(2,9,530,3483,-249.917,1029.19,54.3243,1.56714),
	(3,1,530,3483,-249.917,1029.19,54.3243,1.56714),
	(3,2,530,3483,-249.917,1029.19,54.3243,1.56714),
	(3,3,530,3483,-249.917,1029.19,54.3243,1.56714),
	(3,4,530,3483,-249.917,1029.19,54.3243,1.56714),
	(3,5,530,3483,-249.917,1029.19,54.3243,1.56714),
	(4,1,530,3483,-249.917,1029.19,54.3243,1.56714),
	(4,3,530,3483,-249.917,1029.19,54.3243,1.56714),
	(4,4,530,3483,-249.917,1029.19,54.3243,1.56714),
	(4,5,530,3483,-249.917,1029.19,54.3243,1.56714),
	(4,11,530,3483,-249.917,1029.19,54.3243,1.56714),
	(5,1,530,3483,-249.917,1029.19,54.3243,1.56714),
	(5,4,530,3483,-249.917,1029.19,54.3243,1.56714),
	(5,5,530,3483,-249.917,1029.19,54.3243,1.56714),
	(5,8,530,3483,-249.917,1029.19,54.3243,1.56714),
	(5,9,530,3483,-249.917,1029.19,54.3243,1.56714),
	(6,1,530,3483,-249.917,1029.19,54.3243,1.56714),
	(6,3,530,3483,-249.917,1029.19,54.3243,1.56714),
	(6,7,530,3483,-249.917,1029.19,54.3243,1.56714),
	(6,11,530,3483,-249.917,1029.19,54.3243,1.56714),
	(7,1,530,3483,-249.917,1029.19,54.3243,1.56714),
	(7,9,530,3483,-249.917,1029.19,54.3243,1.56714),
	(7,8,530,3483,-249.917,1029.19,54.3243,1.56714),
	(7,4,530,3483,-249.917,1029.19,54.3243,1.56714),
	(8,1,530,3483,-249.917,1029.19,54.3243,1.56714),
	(8,3,530,3483,-249.917,1029.19,54.3243,1.56714),
	(8,4,530,3483,-249.917,1029.19,54.3243,1.56714),
	(8,5,530,3483,-249.917,1029.19,54.3243,1.56714),
	(8,7,530,3483,-249.917,1029.19,54.3243,1.56714),
	(8,8,530,3483,-249.917,1029.19,54.3243,1.56714),
	(10,2,530,3483,-249.917,1029.19,54.3243,1.56714),
	(10,3,530,3483,-249.917,1029.19,54.3243,1.56714),
	(10,4,530,3483,-249.917,1029.19,54.3243,1.56714),
	(10,5,530,3483,-249.917,1029.19,54.3243,1.56714),
	(10,8,530,3483,-249.917,1029.19,54.3243,1.56714),
	(10,9,530,3483,-249.917,1029.19,54.3243,1.56714),
	(11,1,530,3483,-249.917,1029.19,54.3243,1.56714),
	(11,2,530,3483,-249.917,1029.19,54.3243,1.56714),
	(11,3,530,3483,-249.917,1029.19,54.3243,1.56714),
	(11,5,530,3483,-249.917,1029.19,54.3243,1.56714),
	(11,7,530,3483,-249.917,1029.19,54.3243,1.56714),
	(11,8,530,3483,-249.917,1029.19,54.3243,1.56714),
	(1,6,530,3483,-249.917,1029.19,54.3243,1.56714),
	(2,6,530,3483,-249.917,1029.19,54.3243,1.56714),
	(3,6,530,3483,-249.917,1029.19,54.3243,1.56714),
	(4,6,530,3483,-249.917,1029.19,54.3243,1.56714),
	(5,6,530,3483,-249.917,1029.19,54.3243,1.56714),
	(6,6,530,3483,-249.917,1029.19,54.3243,1.56714),
	(7,6,530,3483,-249.917,1029.19,54.3243,1.56714),
	(8,6,530,3483,-249.917,1029.19,54.3243,1.56714),
	(10,6,530,3483,-249.917,1029.19,54.3243,1.56714),
	(11,6,530,3483,-249.917,1029.19,54.3243,1.56714);

/*!40000 ALTER TABLE `playercreateinfo` ENABLE KEYS */;
UNLOCK TABLES;


# Dump of table world_pvp_areas
# ------------------------------------------------------------

DROP TABLE IF EXISTS `world_pvp_areas`;

CREATE TABLE `world_pvp_areas` (
  `areaId` int(10) unsigned NOT NULL DEFAULT '0',
  `areaName` tinytext NOT NULL,
  `difficulty` tinyint(3) unsigned NOT NULL DEFAULT '0',
  `gySafeLocId` int(10) unsigned NOT NULL DEFAULT '0',
  `flagMapId` int(10) unsigned NOT NULL DEFAULT '0',
  `flagPos_x` float NOT NULL DEFAULT '0',
  `flagPos_y` float NOT NULL DEFAULT '0',
  `flagPos_z` float NOT NULL DEFAULT '0',
  `flagOrientation` float NOT NULL DEFAULT '0',
  `flagRot_0` float NOT NULL DEFAULT '0',
  `flagRot_1` float NOT NULL DEFAULT '0',
  `flagRot_2` float NOT NULL DEFAULT '0',
  `flagRot_3` float NOT NULL DEFAULT '0',
  PRIMARY KEY (`areaId`)
) ENGINE=MyISAM DEFAULT CHARSET=utf8;

LOCK TABLES `world_pvp_areas` WRITE;
/*!40000 ALTER TABLE `world_pvp_areas` DISABLE KEYS */;

INSERT INTO `world_pvp_areas` (`areaId`, `areaName`, `difficulty`, `gySafeLocId`, `flagMapId`, `flagPos_x`, `flagPos_y`, `flagPos_z`, `flagOrientation`, `flagRot_0`, `flagRot_1`, `flagRot_2`, `flagRot_3`)
VALUES
	(3538,'Honor Hold',4,920,530,-749.844,2655.51,102.108,0.455375,0,0,0.225725,0.974191),
	(3536,'Thrallmar',4,919,530,178.488,2688.33,86.9523,3.3392,0,0,0.995123,-0.0986406),
	(3554,'Falcon Watch',3,934,530,-607.714,4101.92,90.1775,2.0308,0,0,0.849692,0.52728),
	(3552,'Temple of Telhamat',3,933,530,190.484,4333.8,116.396,3.15752,0,0,0.999968,-0.00796362),
	(3671,'Broken Hill',1,0,530,-472.23,3450.86,35.9405,5.06602,0,0,0.571703,-0.82046),
	(3669,'The Stadium',1,0,530,-291.023,3702.86,58.1096,4.84261,0,0,0.659602,-0.751616),
	(3670,'The Overlook',1,0,530,-186.368,3451.28,38.9463,1.96013,0,0,0.830534,0.556968),
	(3555,'Mag\'har Post',3,0,530,518.531,3876.17,191.834,4.12198,0,0,0.882241,-0.470797),
	(3582,'Zeth\'Gor',3,0,530,-1128.42,1985.64,71.9716,1.11246,0,0,0.52799,0.849251),
	(3551,'Ruins of Sha\'naar',2,0,530,-684.335,4777.22,49.1881,0.43455,0,0,0.21557,0.976488),
	(3546,'Expedition Armory',2,0,530,-1296.41,2699.25,-8.45748,6.02589,0,0,0.128296,-0.991736),
	(3798,'Haal\'eshi Gorge',2,0,530,-1322.95,4052.91,114.461,0.451005,0,0,0.223596,0.974682),
	(3553,'Pools of Aggonar',2,0,530,391.562,3283.96,70.786,1.82153,0,0,0.789973,0.613141);

/*!40000 ALTER TABLE `world_pvp_areas` ENABLE KEYS */;
UNLOCK TABLES;


# Dump of table world_pvp_guard_entries
# ------------------------------------------------------------

DROP TABLE IF EXISTS `world_pvp_guard_entries`;

CREATE TABLE `world_pvp_guard_entries` (
  `areaId` int(10) unsigned NOT NULL DEFAULT '0',
  `entry` int(10) unsigned NOT NULL DEFAULT '0',
  PRIMARY KEY (`areaId`,`entry`)
) ENGINE=MyISAM DEFAULT CHARSET=utf8;

LOCK TABLES `world_pvp_guard_entries` WRITE;
/*!40000 ALTER TABLE `world_pvp_guard_entries` DISABLE KEYS */;

INSERT INTO `world_pvp_guard_entries` (`areaId`, `entry`)
VALUES
	(3536,700056),
	(3536,700057),
	(3536,700058),
	(3536,700059),
	(3536,700060),
	(3538,700051),
	(3538,700052),
	(3538,700053),
	(3538,700054),
	(3538,700055),
	(3546,700091),
	(3546,700094),
	(3546,700095),
	(3551,700086),
	(3551,700087),
	(3551,700088),
	(3551,700089),
	(3551,700090),
	(3552,700066),
	(3552,700067),
	(3552,700068),
	(3552,700069),
	(3552,700070),
	(3553,700101),
	(3553,700104),
	(3553,700105),
	(3554,700061),
	(3554,700062),
	(3554,700063),
	(3554,700064),
	(3554,700065),
	(3555,700076),
	(3555,700077),
	(3555,700078),
	(3555,700079),
	(3555,700080),
	(3582,700081),
	(3582,700082),
	(3582,700083),
	(3582,700084),
	(3582,700085),
	(3669,700071),
	(3669,700072),
	(3669,700073),
	(3669,700074),
	(3669,700075),
	(3670,700071),
	(3670,700072),
	(3670,700073),
	(3670,700074),
	(3670,700075),
	(3671,700071),
	(3671,700072),
	(3671,700073),
	(3671,700074),
	(3671,700075),
	(3798,700096),
	(3798,700099),
	(3798,700100);

/*!40000 ALTER TABLE `world_pvp_guard_entries` ENABLE KEYS */;
UNLOCK TABLES;


# Dump of table world_pvp_guard_spawns
# ------------------------------------------------------------

DROP TABLE IF EXISTS `world_pvp_guard_spawns`;

CREATE TABLE `world_pvp_guard_spawns` (
  `id` int(10) unsigned NOT NULL AUTO_INCREMENT,
  `areaId` int(10) unsigned NOT NULL DEFAULT '0',
  `mapId` int(10) unsigned NOT NULL DEFAULT '0',
  `position_x` float NOT NULL DEFAULT '0',
  `position_y` float NOT NULL DEFAULT '0',
  `position_z` float NOT NULL DEFAULT '0',
  `orientation` float NOT NULL DEFAULT '0',
  `movementType` tinyint(3) unsigned NOT NULL DEFAULT '0',
  `pathId` int(10) unsigned NOT NULL DEFAULT '0',
  PRIMARY KEY (`id`)
) ENGINE=MyISAM DEFAULT CHARSET=utf8;

LOCK TABLES `world_pvp_guard_spawns` WRITE;
/*!40000 ALTER TABLE `world_pvp_guard_spawns` DISABLE KEYS */;

INSERT INTO `world_pvp_guard_spawns` (`id`, `areaId`, `mapId`, `position_x`, `position_y`, `position_z`, `orientation`, `movementType`, `pathId`)
VALUES
	(1,3538,530,-842.642,2658.87,111.256,2.79599,1,0),
	(2,3538,530,-866.125,2751.5,49.3004,4.77103,1,0),
	(3,3538,530,-838.685,2698.06,111.217,1.5706,1,0),
	(4,3538,530,-816.443,2637.09,109.255,0.890118,0,0),
	(5,3538,530,-812.881,2612.64,109.255,5.09636,0,0),
	(6,3538,530,-803.447,2650.27,109.255,5.20108,0,0),
	(7,3538,530,-794.656,2626.95,107.756,0.575959,0,0),
	(8,3538,530,-795.308,2637.02,123.179,5.34071,0,0),
	(9,3538,530,-778.65,2607.59,109.255,2.23402,0,0),
	(10,3538,530,-784.106,2633.14,123.179,3.735,0,0),
	(11,3538,530,-785.937,2621.61,123.179,2.1293,0,0),
	(12,3538,530,-684.436,1878.37,64.1349,3.9968,0,0),
	(13,3538,530,-706.874,1826.68,75.2493,2.99982,1,0),
	(14,3538,530,-677.277,1865.82,66.4225,0.418879,0,0),
	(15,3538,530,-615.646,1873.34,73.4491,5.61996,0,0),
	(16,3538,530,-826.818,2684.73,101.553,0.218083,1,0),
	(17,3538,530,-761.56,2653.6,107.18,0.331613,0,0),
	(18,3538,530,-754.935,2643.26,107.586,0.645772,0,0),
	(19,3538,530,-756.463,2712.16,111.622,5.58505,0,0),
	(20,3538,530,-750.228,2716.35,111.868,5.25344,0,0),
	(21,3538,530,-724.585,2724.95,95.4476,4.5758,0,0),
	(22,3538,530,-737.23,2659.42,96.612,3.36339,2,579430),
	(23,3538,530,-733.075,2659.77,95.647,3.10743,2,579440),
	(24,3538,530,-713.606,2700.25,94.6583,4.67748,0,0),
	(25,3538,530,-713.693,2621.37,89.8141,1.23918,0,0),
	(26,3538,530,-669.269,2728.34,94.0169,4.39823,0,0),
	(27,3538,530,-694.58,2767.1,94.8707,3.32022,2,579480),
	(28,3538,530,-666.344,2723.01,94.1981,3.78736,0,0),
	(29,3538,530,-705.956,2618.55,89.7844,1.32645,0,0),
	(30,3538,530,-703.308,2686.92,93.8874,2.21204,2,579510),
	(31,3538,530,-700.425,2683.44,93.895,2.36343,2,579520),
	(32,3538,530,-614.495,2767.16,79.9034,0.575959,0,0),
	(33,3538,530,-614.543,2763.24,80.2283,0.541052,0,0),
	(34,3538,530,-605.016,2757.08,80.7283,1.22173,0,0),
	(35,3538,530,-601.85,2757.36,80.1033,1.29154,0,0),
	(36,3538,530,-640.595,2587.59,82.8495,4.85202,0,0),
	(37,3538,530,-636.228,2584.77,81.9745,4.55531,0,0),
	(38,3538,530,-649.71,2575.72,83.3495,5.60251,0,0),
	(39,3538,530,-649.496,2580.22,83.4745,5.65487,0,0),
	(40,3538,530,-583.068,2887.39,58.8319,4.15388,0,0),
	(41,3538,530,-586.886,2892.84,59.204,5.11381,0,0),
	(42,3538,530,-593.143,2891.48,58.9914,5.044,0,0),
	(43,3538,530,-597.123,2883.84,59.011,5.61996,0,0),
	(44,3538,530,-603.822,2479.71,59.3246,4.70262,2,579650),
	(45,3538,530,-603.414,2490.89,61.8007,4.67526,2,579660),
	(46,3538,530,-604.829,2498.03,63.3302,4.8141,2,579670),
	(47,3538,530,-606.552,2506.5,65.0155,4.97111,2,579680),
	(48,3538,530,-811.138,2641.94,133.253,0.538289,1,0),
	(49,3538,530,-778.017,2611.44,133.253,0.544789,1,0),
	(50,3538,530,-765.484,2571.56,104.068,6.05078,1,0),
	(51,3538,530,-624.284,2356.11,38.6008,5.20108,0,0),
	(52,3538,530,-602.594,2357.62,37.1008,5.0091,0,0),
	(53,3538,530,-604.397,2360.31,37.1008,4.72984,0,0),
	(54,3538,530,-626.749,2355,38.9758,5.13127,0,0),
	(55,3538,530,-624.319,2353.4,38.3508,5.16617,0,0),
	(56,3538,530,-685.277,2574.03,100.607,3.36776,1,0),
	(57,3538,530,-657.296,2623.76,86.442,5.79449,0,0),
	(58,3538,530,-640.108,2635.91,85.2293,5.3058,0,0),
	(59,3538,530,-643.654,2633.68,85.2293,5.13127,0,0),
	(60,3538,530,-668.672,2778.36,108.182,2.78322,1,0),
	(61,3538,530,-608.905,2618.14,98.9853,3.70575,1,0),
	(62,3538,530,-619.641,2858.68,54.2481,0.750492,0,0),
	(63,3538,530,-665.297,2662.18,88.9793,4.39823,0,0),
	(64,3538,530,-666.442,2658.08,89.1043,1.43117,0,0),
	(65,3538,530,-814.245,2626.79,124.472,5.2709,0,0),
	(66,3538,530,-803.181,2609.96,124.472,2.09439,0,0),
	(67,3538,530,-785.971,2655.97,109.172,0.331712,1,0),
	(68,3538,530,-625.483,1844.08,75.8737,0.401426,0,0),
	(69,3538,530,-617.559,1870.62,72.8241,5.06145,0,0),
	(70,3538,530,-315.071,2189.21,68.7515,5.93517,1,0),
	(71,3538,530,-753.524,2670.38,99.664,2.28638,0,0),
	(72,3538,530,-706.337,2726.19,94.1936,3.03687,0,0),
	(73,3538,530,-711.224,2726.41,94.1936,5.98648,0,0),
	(74,3538,530,-711.314,2723.37,94.1936,0.139626,0,0),
	(75,3538,530,-707,2721.95,94.1936,2.21657,0,0),
	(76,3538,530,-683.923,2713.18,95.7669,6.24828,0,0),
	(77,3538,530,-683.479,2716.52,95.3919,6.12611,0,0),
	(78,3538,530,-683.385,2720.33,94.7669,0.017453,0,0),
	(79,3538,530,-683.374,2723.68,94.3919,0,0,0),
	(80,3538,530,-685.792,2613.54,86.7943,5.75959,0,0),
	(81,3538,530,-816.701,2616.06,124.389,5.24358,2,584370),
	(82,3538,530,-681.164,2708.75,95.5693,1.55127,2,688950),
	(83,3536,530,-49.835,2191.28,105.987,5.28835,0,0),
	(84,3536,530,100.277,2535.69,63.7927,3.92688,1,0),
	(85,3536,530,189.148,2593.56,88.4363,0.034907,0,0),
	(86,3536,530,182.12,2597.01,88.4016,1.79769,0,0),
	(87,3536,530,228.944,2620.9,87.9013,2.67035,0,0),
	(88,3536,530,295.025,2742.74,89.4577,1.71042,0,0),
	(89,3536,530,252.979,2739.62,87.164,0.942478,0,0),
	(90,3536,530,266.068,2763.73,85.914,0.558505,0,0),
	(91,3536,530,268.616,2729.33,86.7224,0.907571,0,0),
	(92,3536,530,268.073,2768.11,85.8667,0.331613,0,0),
	(93,3536,530,297.892,2748.78,89.0827,1.64061,0,0),
	(94,3536,530,226.749,2810.84,129.788,4.64258,0,0),
	(95,3536,530,168.395,2641.36,86.3208,5.20183,2,575050),
	(96,3536,530,197.406,2781.6,115.975,3.5511,1,0),
	(97,3536,530,200.023,2782.73,116.564,3.53969,1,0),
	(98,3536,530,212.709,2822.29,129.765,3.24631,0,0),
	(99,3536,530,218.603,2661.09,87.1513,4.59022,0,0),
	(100,3536,530,220.223,2658.19,87.5263,4.55531,0,0),
	(101,3536,530,211.593,2661.42,87.4013,4.67748,0,0),
	(102,3536,530,214.863,2661.26,87.2763,4.79965,0,0),
	(103,3536,530,216.558,2658.25,87.6513,4.66003,0,0),
	(104,3536,530,206.357,2658.84,88.0263,4.7822,0,0),
	(105,3536,530,209.689,2658.63,87.7763,4.72984,0,0),
	(106,3536,530,213.149,2658.58,87.6513,4.59022,0,0),
	(107,3536,530,204.288,2661.76,88.0263,4.81711,0,0),
	(108,3536,530,207.906,2661.65,87.6513,4.69494,0,0),
	(109,3536,530,132.716,2791.12,107.033,5.21853,0,0),
	(110,3536,530,194.918,2688.6,90.5939,3.07178,0,0),
	(111,3536,530,194.086,2694.96,90.6115,3.36848,0,0),
	(112,3536,530,232.147,2640.48,88.4013,3.12414,0,0),
	(113,3536,530,181.387,2634.12,87.1958,2.60054,0,0),
	(114,3536,530,173.539,2625.9,87.2327,2.07694,0,0),
	(115,3536,530,122.247,2783.41,104.982,5.39307,0,0),
	(116,3536,530,82.6646,2722.38,87.1163,5.49779,0,0),
	(117,3536,530,106.711,2745.01,93.9653,0.588003,1,0),
	(118,3536,530,104.333,2746.89,94.101,0.619104,1,0),
	(119,3536,530,103.438,2637.22,79.0783,1.11701,0,0),
	(120,3536,530,92.0412,2647,80.2713,0.802851,0,0),
	(121,3536,530,78.3491,2688.36,82.9282,0.471239,0,0),
	(122,3536,530,32.2664,2669.16,77.5695,4.08407,0,0),
	(123,3536,530,36.1545,2668.6,77.9735,3.97935,0,0),
	(124,3536,530,39.6387,2654.66,76.7756,2.72271,0,0),
	(125,3536,530,40.8047,2659.18,77.9006,2.84489,0,0),
	(126,3536,530,-1339.9,2370.44,89.0748,4.01511,1,0),
	(127,3536,530,-1322.69,2393.77,88.481,0.977384,0,0),
	(128,3536,530,-1326,2377.83,88.981,0.488692,0,0),
	(129,3536,530,-1325.98,2381.36,88.856,5.89921,0,0),
	(130,3536,530,-1323.67,2397.49,88.731,6.19592,0,0),
	(131,3536,530,-60.9339,2176.35,104.616,5.0091,0,0),
	(132,3536,530,-52.8237,2179.58,105.804,4.64258,0,0),
	(133,3536,530,-38.6513,2180.89,108.078,2.89725,0,0),
	(134,3536,530,-49.4437,2196.99,106.489,3.00197,0,0),
	(135,3536,530,130.186,2799.13,127.523,6.12611,0,0),
	(136,3536,530,126.955,2790.63,121.076,5.3058,0,0),
	(137,3536,530,85.4709,2641.04,92.4221,2.21657,0,0),
	(138,3536,530,97.0264,2641.27,98.9046,0.820305,0,0),
	(139,3536,530,116.173,2805.67,127.522,2.28638,0,0),
	(140,3536,530,-33.2973,2342.85,78.2987,3.15905,0,0),
	(141,3536,530,-26.0716,2350.47,84.752,2.28638,0,0),
	(142,3536,530,-15.8773,2350.96,78.3019,1.27409,0,0),
	(143,3536,530,-59.2826,2186.38,105.364,0.436332,0,0),
	(144,3536,530,-40.3117,2169.56,108.544,2.33874,0,0),
	(145,3536,530,-57.0331,2197.49,108.05,1.81514,0,0),
	(146,3536,530,-46.2196,2199.13,107.239,0.942478,0,0),
	(147,3536,530,39.5512,2665.45,77.2018,0.81062,2,575940),
	(148,3536,530,42.1043,2664.62,77.4108,0.81062,2,575950),
	(149,3536,530,45.7034,2666.53,77.6521,0.81062,2,575960),
	(150,3536,530,44.7449,2669.55,77.7201,0.81062,2,575970),
	(151,3536,530,130.683,2705.74,88.2342,0.062417,2,575570),
	(152,3536,530,233.137,2632.3,88.3007,2.67035,0,0),
	(153,3536,530,179.435,2704.33,89.1009,3.38594,0,0),
	(154,3536,530,131.192,2649.86,84.0783,1.15192,0,0),
	(155,3536,530,186.755,2676.36,89.0101,3.15905,0,0),
	(156,3536,530,218.998,2653.52,87.9363,6.22357,2,687780),
	(157,3536,530,148.588,2636.02,86.018,1.27409,0,0),
	(158,3536,530,151.239,2633.32,86.627,0.15708,0,0),
	(159,3536,530,241.276,2688.98,89.7267,1.95477,0,0),
	(160,3536,530,241.437,2705.22,89.7592,4.4855,0,0),
	(161,3536,530,228.036,2692.46,90.7036,0.488692,0,0),
	(162,3554,530,-593.242,4068.19,143.341,4.39823,0,0),
	(163,3554,530,-596.347,4108.47,91.0061,4.10152,2,577930),
	(164,3554,530,-596.007,4177.39,64.9726,3.76991,0,0),
	(165,3554,530,-646.951,4176.91,68.5136,2.49582,0,0),
	(166,3554,530,-646.5,4181.69,68.6033,4.93928,0,0),
	(167,3554,530,-657.813,4137.41,64.4174,1.18682,0,0),
	(168,3554,530,-586.302,4071.2,93.9127,1.74533,0,0),
	(169,3554,530,-591.915,4068.39,93.9127,1.69297,0,0),
	(170,3554,530,-670.694,4111.66,74.0459,5.14112,1,0),
	(171,3554,530,-671.314,4117.83,73.0626,5.14102,1,0),
	(172,3554,530,-705.916,4152.32,59.169,3.87463,0,0),
	(173,3554,530,-606.475,4189.11,63.8878,1.91986,0,0),
	(174,3554,530,-613.088,4182.41,63.6378,2.44346,0,0),
	(175,3554,530,-591.111,4161.58,66.445,2.68781,0,0),
	(176,3554,530,-594.784,4151.62,66.0138,1.88496,0,0),
	(177,3554,530,-626.53,4154.96,63.9912,0.249558,1,0),
	(178,3554,530,-627.523,4156.77,63.8662,0.249558,0,0),
	(179,3554,530,-706.67,4163.33,58.169,2.33874,0,0),
	(180,3554,530,-627.672,4172.07,62.4999,1.23008,0,0),
	(181,3554,530,-690.742,4157.69,60.2549,1.51284,0,0),
	(182,3554,530,-602.46,4088.87,91.8923,2.04257,0,0),
	(183,3554,530,-682.479,4159.96,60.8178,2.32102,0,0),
	(184,3554,530,-597.891,4091.65,91.7717,2.01901,0,0),
	(185,3554,530,-584.367,4104.07,91.5878,3.64774,0,0),
	(186,3554,530,-587.469,4171.82,66.136,3.45575,0,0),
	(187,3554,530,-624.134,4090.53,91.6557,0.418879,0,0),
	(188,3552,530,222.804,4330.04,119.083,2.72271,0,0),
	(189,3552,530,171.785,4332.99,113.766,3.12649,0,0),
	(190,3552,530,95.0439,4292.25,101.97,0.628319,0,0),
	(191,3552,530,96.1441,4347.31,102.357,4.10152,0,0),
	(192,3552,530,234.5,4247.4,125.496,3.00041,0,0),
	(193,3552,530,221.762,4337.15,119.083,3.36848,0,0),
	(194,3552,530,76.666,4344.87,101.503,3.14159,0,0),
	(195,3552,530,77.0584,4321.94,101.503,3.12414,0,0),
	(196,3552,530,102.791,4318.55,101.996,2.38784,0,0),
	(197,3552,530,130.458,4344.52,106.72,3.14159,0,0),
	(198,3552,530,130.047,4321.94,106.595,3.12414,0,0),
	(199,3552,530,181.345,4344.85,116.377,3.14159,0,0),
	(200,3552,530,180.919,4322.64,116.377,3.12414,0,0),
	(201,3552,530,210.58,4258.73,120.502,3.93503,0,0),
	(202,3552,530,199.061,4238.42,121.81,0.872665,0,0),
	(203,3552,530,105.502,4337.62,101.549,3.68265,0,0),
	(204,3552,530,146.25,4279.61,107.043,3.47321,0,0),
	(205,3552,530,119.402,4283.86,104.627,4.28307,0,0),
	(206,3552,530,152.807,4351.7,108.211,3.68616,0,0),
	(207,3552,530,204.567,4292.95,118.36,3.59583,0,0),
	(208,3552,530,184.636,4310.77,116.993,0.00655746,0,0),
	(209,3671,530,-429.851,3405.78,31.1493,4.32825,0,0),
	(210,3671,530,-480.638,3390.17,28.6086,5.12621,0,0),
	(211,3671,530,-515.002,3467.53,40.9349,2.07653,0,0),
	(212,3671,530,-512.224,3490.36,41.1642,3.80047,0,0),
	(213,3671,530,-414.83,3460.49,42.8052,5.91625,0,0),
	(214,3671,530,-447.083,3518.72,51.1617,0.611742,0,0),
	(215,3671,530,-438.537,3511.78,51.2224,0.918048,0,0),
	(216,3671,530,-407.88,3459.65,39.1696,5.28792,0,0),
	(217,3671,530,-457.128,3393.84,27.0356,0.861751,0,0),
	(218,3671,530,-453.568,3395.02,27.1128,2.99411,0,0),
	(219,3671,530,-457.027,3397.28,27.7481,4.90263,0,0),
	(220,3671,530,-431.912,3408.33,31.5625,4.539,0,0),
	(221,3671,530,-435.842,3511.75,51.0015,0.892398,0,0),
	(222,3671,530,-447.118,3521.68,50.3327,0.62144,0,0),
	(223,3671,530,-506.341,3487.24,40.5547,3.27845,0,0),
	(224,3671,530,-513.096,3470.19,38.642,2.34383,0,0),
	(225,3671,530,-428.305,3409.46,32.7571,4.46439,0,0),
	(226,3671,530,-407.455,3456,39.1523,0.940745,0,0),
	(227,3671,530,-405.452,3458.08,38.2018,3.36842,0,0),
	(228,3671,530,-478.126,3386.21,27.4887,4.85239,0,0),
	(229,3671,530,-480.763,3386.17,27.8209,4.82882,0,0),
	(230,3669,530,-287.998,3637,36.4479,4.82094,0,0),
	(231,3669,530,-288.664,3749.34,49.4248,1.74531,0,0),
	(232,3669,530,-293.566,3738.53,53.1668,1.63221,0,0),
	(233,3669,530,-286.766,3751.06,49.6572,1.88276,0,0),
	(234,3669,530,-300.985,3749.26,49.0197,1.2662,0,0),
	(235,3669,530,-292.356,3626.07,34.2235,5.2097,0,0),
	(236,3669,530,-284.247,3628.7,35.1007,4.44786,0,0),
	(237,3669,530,-282.147,3627.24,35.0794,4.41252,0,0),
	(238,3669,530,-210.318,3722.19,54.7982,0.310163,0,0),
	(239,3669,530,-218.251,3694,52.3161,6.13154,0,0),
	(240,3669,530,-219.703,3705.11,52.9748,3.10484,0,0),
	(241,3669,530,-223.585,3705.2,52.6953,6.17103,0,0),
	(242,3669,530,-218.646,3741.94,58.0854,4.38975,0,0),
	(243,3669,530,-218.614,3738.07,56.9078,1.95423,0,0),
	(244,3669,530,-221.171,3740.15,57.2882,5.86944,0,0),
	(245,3670,530,-156.516,3473.26,41.0402,0.101898,0,0),
	(246,3670,530,-158.743,3465.08,41.6303,0.283319,0,0),
	(247,3670,530,-152.652,3460.47,41.7683,0.676809,0,0),
	(248,3670,530,-150.707,3459.13,42.2291,0.653247,0,0),
	(249,3670,530,-151.485,3436.86,44.7129,5.82823,0,0),
	(250,3670,530,-155.44,3426.44,40.5351,6.17695,0,0),
	(251,3670,530,-153.478,3423.86,39.9167,6.16517,0,0),
	(252,3670,530,-157.21,3434.92,45.5237,5.70572,0,0),
	(253,3670,530,-249.062,3451.86,-17.7891,4.21739,0,0),
	(254,3670,530,-250.825,3448.6,-19.0024,1.01532,0,0),
	(255,3670,530,-251.956,3464.09,-16.974,3.86475,0,0),
	(256,3670,530,-255.032,3464.77,-17.7687,4.24174,0,0),
	(257,3670,530,-180.581,3542.33,34.579,0.500883,0,0),
	(258,3670,530,-170.127,3544.18,36.5579,0.474992,0,0),
	(259,3670,530,-167.347,3543.73,37.2144,2.28298,0,0),
	(260,3670,530,-168.161,3546.9,36.6555,4.72399,0,0),
	(261,3555,530,366.694,3868.42,146.273,3.4383,0,0),
	(262,3555,530,360.294,3866.98,146.338,0.087266,0,0),
	(263,3555,530,364.89,3776.79,197.654,2.58309,0,0),
	(264,3555,530,359.728,3780.15,197.604,5.68977,0,0),
	(265,3555,530,262.653,3677.42,185.472,3.9968,0,0),
	(266,3555,530,282.093,3665.93,184.57,4.55531,0,0),
	(267,3555,530,281.289,3658.48,184.748,1.51844,0,0),
	(268,3555,530,304.584,3667.61,184.016,2.18166,0,0),
	(269,3555,530,330.538,3663.57,183.986,1.13446,0,0),
	(270,3555,530,428.248,3688.06,184.755,0.610865,0,0),
	(271,3555,530,439.58,3669.33,188.018,1.95477,0,0),
	(272,3555,530,433.258,3691.35,184.821,3.7001,0,0),
	(273,3555,530,445.562,3681.58,188.003,1.8675,0,0),
	(274,3555,530,492.255,3696.19,185.312,1.02974,0,0),
	(275,3555,530,469.358,3795.24,186.819,5.93412,0,0),
	(276,3555,530,462.601,3819.98,189.388,5.95157,0,0),
	(277,3555,530,480.119,3823.21,189.388,4.99164,0,0),
	(278,3555,530,521.802,3693.55,187.808,2.44346,0,0),
	(279,3555,530,491.497,3801.25,191.104,2.74597,0,0),
	(280,3555,530,453.871,3766.76,186.46,6.10829,0,0),
	(281,3555,530,456.222,3768.09,186.432,4.1338,0,0),
	(282,3555,530,456.361,3765.56,186.303,1.72656,0,0),
	(283,3555,530,351.733,3858.52,146.544,2.00713,0,0),
	(284,3555,530,370.638,3859.49,146.577,1.58825,0,0),
	(285,3555,530,342.17,3782.77,198.371,3.01942,0,0),
	(286,3555,530,378.725,3776.19,197.544,3.14159,0,0),
	(287,3555,530,349.375,3786.31,198.297,5.95157,0,0),
	(288,3555,530,289.618,3659.97,184.929,0.959931,0,0),
	(289,3555,530,316.221,3658.88,191.583,4.18879,0,0),
	(290,3555,530,310.342,3654.95,184.332,0.15708,0,0),
	(291,3555,530,314.239,3647.03,191.661,1.78024,0,0),
	(292,3555,530,426.518,3669.21,188.051,1.98968,0,0),
	(293,3555,530,381.798,3767.85,196.953,4.57276,0,0),
	(294,3555,530,464.788,3790.19,186.585,5.42797,0,0),
	(295,3555,530,531.268,3675.59,187.065,3.7001,0,0),
	(296,3555,530,527.43,3675.24,192.974,4.85202,0,0),
	(297,3555,530,524.223,3684.5,187.357,3.1765,0,0),
	(298,3555,530,534.928,3668.19,193.037,3.63029,0,0),
	(299,3555,530,433.063,3683.05,186.25,5.21853,0,0),
	(300,3555,530,317.622,3803.33,183.365,1.48353,0,0),
	(301,3555,530,242.578,3816.12,179.855,1.85005,0,0),
	(302,3555,530,49.8926,3733.42,189.363,2.3911,0,0),
	(303,3555,530,225.167,3642.98,165.439,3.4383,0,0),
	(304,3555,530,296.017,3608.76,179.776,4.24115,0,0),
	(305,3555,530,423.793,3632.38,198.621,4.01426,0,0),
	(306,3555,530,501.996,3859.01,207.618,4.29351,0,0),
	(307,3555,530,508.375,3855.1,207.855,3.9619,0,0),
	(308,3555,530,505.979,3842.18,194.513,4.03171,0,0),
	(309,3555,530,492.889,3847.81,193.655,4.38078,0,0),
	(310,3555,530,532.502,3859.41,206.282,3.34243,1,0),
	(311,3555,530,514.384,3932.12,206.811,0.226893,0,0),
	(312,3555,530,512.16,3933.22,206.828,1.79769,0,0),
	(313,3555,530,550.751,3874.43,205.918,1.0469,1,0),
	(314,3555,530,577.116,3919.79,212.605,0.523599,0,0),
	(315,3555,530,573.774,3921.38,212.608,1.69297,0,0),
	(316,3555,530,481.707,3589.61,191.023,3.80482,0,0),
	(317,3555,530,526.971,3572.09,191.4,5.0091,0,0),
	(318,3555,530,266.606,3799.05,176.967,1.58601,1,0),
	(319,3555,530,309.205,3786.74,187.05,2.16313,1,0),
	(320,3555,530,193.75,3714.58,177.941,0.06598,1,0),
	(321,3555,530,144.154,3735.87,186.874,1.69955,1,0),
	(322,3555,530,103.994,3722.42,190.378,2.28473,1,0),
	(323,3555,530,76.8816,3680.53,182.777,4.00044,1,0),
	(324,3555,530,351.408,3612.65,176.017,5.86711,1,0),
	(325,3555,530,352.537,3730.55,186.809,2.69453,1,0),
	(326,3555,530,392.787,3661.38,185.088,0.869227,1,0),
	(327,3555,530,420.806,3784.54,195.79,0.748787,1,0),
	(328,3555,530,524.29,3758.78,195.981,5.09712,1,0),
	(329,3555,530,517.556,3890.14,189.814,4.2237,0,0),
	(330,3555,530,529.337,3882.82,191.161,4.41568,0,0),
	(331,3555,530,557.522,3687.14,195.271,4.78279,1,0),
	(332,3555,530,514.766,3620.82,194.235,1.11743,1,0),
	(333,3555,530,588.111,3620.86,210.182,5.70387,1,0),
	(334,3555,530,582.276,3644.67,203.278,5.33343,1,0),
	(335,3555,530,524.269,3887.2,189.957,4.27606,0,0),
	(336,3555,530,487.608,3874.94,193.825,0.226893,0,0),
	(337,3555,530,504.592,3882.13,192.156,5.79449,0,0),
	(338,3555,530,306.776,3777.32,187.857,4.7161,1,0),
	(339,3555,530,186.289,3720.46,183.781,5.70493,1,0),
	(340,3555,530,152.819,3728.95,186.961,0.100535,1,0),
	(341,3555,530,96.8622,3709.01,189.883,1.45928,1,0),
	(342,3555,530,65.625,3684.38,188.953,4.34053,1,0),
	(343,3555,530,349.242,3712.34,184.015,2.56016,1,0),
	(344,3555,530,343.797,3609.09,175.392,4.89906,1,0),
	(345,3555,530,384.357,3640.25,182.75,4.34666,1,0),
	(346,3555,530,411.129,3776.43,193.246,3.12987,1,0),
	(347,3555,530,502.849,3764.6,191.04,5.02611,0,0),
	(348,3555,530,568.772,3685.15,199.015,5.47404,1,0),
	(349,3555,530,510.328,3630.51,187.237,4.29978,1,0),
	(350,3555,530,573.8,3628.52,207.682,5.88154,1,0),
	(351,3555,530,580.572,3646.42,202.429,0.750834,1,0),
	(352,3582,530,-1113.89,1995.36,68.5803,1.06465,0,0),
	(353,3582,530,-1141.79,2010.95,68.5601,0.837758,0,0),
	(354,3582,530,-1128.85,2004.4,68.6896,0.942478,0,0),
	(355,3582,530,-1105.27,1987.84,68.5348,1.13446,0,0),
	(356,3582,530,-1146.41,2102.84,67.5324,0.261799,0,0),
	(357,3582,530,-1200.08,2127.56,71.4189,1.5708,0,0),
	(358,3582,530,-1143.69,2117.17,67.8447,0.10472,0,0),
	(359,3582,530,-1132.39,2152.06,63.854,1.98968,0,0),
	(360,3582,530,-1153.99,2142.1,64.5957,1.79769,0,0),
	(361,3582,530,-1181.38,2135.51,66.6569,1.69297,0,0),
	(362,3582,530,-1067.78,2139.57,49.3808,1.309,0,0),
	(363,3582,530,-1002.43,2109.36,94.7581,0.802851,0,0),
	(364,3582,530,-1046.39,2132.57,46.0002,1.37881,0,0),
	(365,3582,530,-1009.61,2135.19,73.9402,0.994838,0,0),
	(366,3582,530,-971.757,2093.49,76.9353,0.628319,0,0),
	(367,3582,530,-956.873,2086.27,64.0821,1.09956,0,0),
	(368,3582,530,-976.169,2108.84,22.577,4.32842,0,0),
	(369,3582,530,-972.81,2106.08,21.8316,3.94444,0,0),
	(370,3582,530,-986.503,2163.45,22.0662,0.698132,0,0),
	(371,3582,530,-1000.65,2192.76,13.8965,3.04904,1,0),
	(372,3582,530,-984.273,2187.78,14.3755,2.94209,1,0),
	(373,3582,530,-935.793,2064.8,82.5641,0.558505,0,0),
	(374,3582,530,-917.612,2073.92,39.1346,0.767945,0,0),
	(375,3582,530,-931.005,2098.98,24.9954,0.575959,0,0),
	(376,3582,530,-862.951,1966.9,85.1755,6.17846,0,0),
	(377,3582,530,-863.114,1991.68,96.0067,0.15708,0,0),
	(378,3582,530,-881.468,2038.3,40.7794,0.420804,0,0),
	(379,3582,530,-896.636,2029.06,50.1018,0.863751,0,0),
	(380,3582,530,-984.569,1888.96,95.128,1.64061,0,0),
	(381,3582,530,-943.245,1875.42,88.1195,4.62827,1,0),
	(382,3582,530,-863.35,1926.79,80.4914,6.24828,0,0),
	(383,3582,530,-863.944,1862.32,78.113,0.191986,0,0),
	(384,3582,530,-836.485,1975.15,49.8817,6.26573,0,0),
	(385,3582,530,-845.039,1937.11,62.9994,6.24828,0,0),
	(386,3582,530,-926.212,2139.51,16.6354,0.575959,0,0),
	(387,3582,530,-1024.66,2275.62,28.5583,0.366519,0,0),
	(388,3582,530,-1053.46,2293,31.1927,1.23918,0,0),
	(389,3582,530,-781.265,1990.02,40.4008,5.02207,0,0),
	(390,3582,530,-1103.88,2063.84,67.5784,3.76553,0,0),
	(391,3582,530,-1106.19,2061.21,67.5452,1.01663,0,0),
	(392,3582,530,-1134.77,1925.1,81.2995,2.80998,0,0),
	(393,3582,530,-1124.38,1995.03,69.9037,1.19283,1,0),
	(394,3582,530,-1006.96,1998.73,67.0646,0.946996,1,0),
	(395,3582,530,-927.408,1981.61,66.9599,5.89678,1,0),
	(396,3582,530,-1204.8,1906.74,82.3081,3.05433,0,0),
	(397,3582,530,-1192.39,1901.38,81.4946,6.10865,0,0),
	(398,3582,530,-1188.07,1942.32,81.4366,0.628319,0,0),
	(399,3582,530,-1146.56,1889.42,81.4645,3.57792,0,0),
	(400,3582,530,-1066.96,2045.4,67.1089,0.767945,0,0),
	(401,3582,530,-1054.18,2047.45,67.8309,3.83972,0,0),
	(402,3582,530,-1065.01,2062.3,67.3909,4.86771,1,0),
	(403,3582,530,-1161.37,2113.09,68.5596,6.26573,0,0),
	(404,3582,530,-975.242,2076.79,71.1352,5.5676,0,0),
	(405,3582,530,-1019.98,1990.64,69.6215,3.38594,0,0),
	(406,3582,530,-966.617,2033.46,67.047,1.50105,1,0),
	(407,3582,530,-952.191,2051.46,67.0211,2.30383,0,0),
	(408,3582,530,-1032.9,1977.53,69.2934,0.750492,0,0),
	(409,3582,530,-926.346,1998.53,65.9756,2.47848,1,0),
	(410,3582,530,-978.398,1919.63,77.1888,1.87432,1,0),
	(411,3582,530,-906.179,1965.82,68.8138,4.74719,1,0),
	(412,3582,530,-958.098,1895.89,80.2422,3.33114,1,0),
	(413,3582,530,-922.891,1878.39,82.5567,0.003825,1,0),
	(414,3582,530,-830.116,2023.96,39.2022,0.453786,0,0),
	(415,3582,530,-895.832,2130.56,17.4101,5.5676,0,0),
	(416,3582,530,-885.114,2120.52,18.7444,2.58309,0,0),
	(417,3582,530,-896.722,2115.57,19.9363,6.0912,0,0),
	(418,3582,530,-855.637,2139.68,15.0119,3.988,1,0),
	(419,3582,530,-876.58,2142.91,14.8,4.01426,0,0),
	(420,3582,530,-944.679,2214.73,9.1277,5.58613,1,0),
	(421,3582,530,-1049.08,2255.82,24.091,1.78024,0,0),
	(422,3582,530,-1070.11,2275.37,24.9295,1.06465,0,0),
	(423,3582,530,-1044.79,2277.47,25.8441,3.08923,0,0),
	(424,3582,530,-1176.32,2257.61,43.2774,2.1293,0,0),
	(425,3582,530,-1186.82,2270.63,45.1477,5.46288,0,0),
	(426,3582,530,-1081.77,2348.19,19.8038,3.66763,1,0),
	(427,3582,530,-1135.26,2331.78,29.9651,0.502008,1,0),
	(428,3582,530,-1156.81,2430.96,35.029,0.844782,1,0),
	(429,3582,530,-1128.55,1956.03,73.6693,3.31613,0,0),
	(430,3582,530,-1126.15,1942.57,73.6693,4.13643,0,0),
	(431,3582,530,-1149.78,1978.13,73.7175,4.46804,0,0),
	(432,3582,530,-1162.51,1964.59,73.7086,5.09636,0,0),
	(433,3582,530,-1137.44,2053.11,67.0234,2.61799,0,0),
	(434,3582,530,-1144.93,2069.33,69.1876,0.653871,1,0),
	(435,3582,530,-1125.95,2131.21,67.0779,0.73456,1,0),
	(436,3582,530,-1057.4,2072.46,66.7029,1.78319,1,0),
	(437,3582,530,-1010.49,2058.01,67.799,1.7511,1,0),
	(438,3582,530,-947.596,2131.92,20.7129,2.94961,0,0),
	(439,3582,530,-969.558,2143.15,22.5662,4.11898,0,0),
	(440,3582,530,-965.419,2169.22,15.9955,6.23082,0,0),
	(441,3582,530,-1021.28,2020.63,68.6896,3.64502,1,0),
	(442,3582,530,-971.742,2007.09,67.3691,0.087266,0,0),
	(443,3582,530,-973.496,2054.76,67.0645,4.3619,1,0),
	(444,3582,530,-1006.18,1978,68.3252,2.73261,1,0),
	(445,3582,530,-957.195,1927.34,68.9042,2.22181,1,0),
	(446,3582,530,-937.871,1929.18,69.5443,1.8341,1,0),
	(447,3582,530,-928.886,1942,67.0831,3.76991,0,0),
	(448,3582,530,-933.979,2119.38,21.3364,1.74533,0,0),
	(449,3582,530,-1183.66,1999.52,74.1797,0.851996,1,0),
	(450,3582,530,-1138.52,1901.65,81.3538,1.28713,1,0),
	(451,3582,530,-1085.62,1986.82,68.8359,1.36594,1,0),
	(452,3582,530,-1099,1953.35,76.1699,3.60316,1,0),
	(453,3582,530,-1141.45,2039.27,67.0646,3.25189,1,0),
	(454,3582,530,-1194.21,2068.98,78.3852,6.17069,1,0),
	(455,3582,530,-1055.12,2157.29,34.2195,4.51174,1,0),
	(456,3582,530,-885.924,2057.69,35.7585,4.6984,0,0),
	(457,3582,530,-868.391,2063.93,30.6293,4.37173,0,0),
	(458,3582,530,-929.326,2171.63,12.6575,5.50607,1,0),
	(459,3582,530,-959.787,2209.46,9.9771,5.75947,1,0),
	(460,3582,530,-1067.51,2249.84,24.9013,2.53951,1,0),
	(461,3582,530,-1173.46,1920.36,81.603,5.68977,0,0),
	(462,3582,530,-575.456,3240.77,5.76784,4.69623,0,0),
	(463,3582,530,-1084.3,2014.46,67.6811,0.947525,1,0),
	(464,3582,530,-1186.23,1985.35,74.1797,3.86092,1,0),
	(465,3582,530,-1197.31,2002.01,74.0583,3.51564,1,0),
	(466,3582,530,-1106.57,1929.8,76.1623,1.4617,0,0),
	(467,3582,530,-1065.38,2014.89,67.6896,0.220254,0,0),
	(468,3582,530,-1204.56,2064.69,81.4602,1.35865,1,0),
	(469,3582,530,-1197.04,2070.92,79.2991,3.34396,0,0),
	(470,3582,530,-1120.14,1976.41,73.0861,3.05164,1,0),
	(471,3582,530,-1002.34,2064.2,67.7336,5.49779,1,0),
	(472,3582,530,-1016.29,2078.79,68.4893,2.3562,1,0),
	(473,3582,530,-922.386,1963.94,67.3638,1.82951,1,0),
	(474,3582,530,-1050.19,2009.98,67.0646,1.04782,0,0),
	(475,3582,530,-1122.92,2031.35,67.354,5.15818,0,0),
	(476,3582,530,-1121.86,2028.95,67.3751,1.98518,0,0),
	(477,3582,530,-1083.91,2036.07,67.1184,2.16583,0,0),
	(478,3582,530,-1085.08,2078.54,65.4707,2.98423,0,0),
	(479,3582,530,-1086.84,2077.66,65.7346,0.624109,0,0),
	(480,3582,530,-1086.44,2079.9,65.4537,5.01841,0,0),
	(481,3582,530,-1072.93,2108.81,60.229,3.45549,0,0),
	(482,3582,530,-1074.78,2108.14,60.8326,0.498459,0,0),
	(483,3582,530,-1074.31,2109.59,60.407,5.07027,0,0),
	(484,3582,530,-1073.5,2107.34,60.6494,1.85014,0,0),
	(485,3582,530,-1046.66,2098.21,60.3843,1.11973,0,0),
	(486,3582,530,-1045.33,2100.75,59.8371,4.28881,0,0),
	(487,3551,530,-516.849,4872.37,33.658,1.32114,0,0),
	(488,3551,530,-453.407,4671.52,31.297,2.67279,1,0),
	(489,3551,530,-514.534,4710.91,36.6675,4.00145,1,0),
	(490,3551,530,-449.242,4749.97,20.5357,5.47772,1,0),
	(491,3551,530,-561.08,4791.74,34.2723,5.90799,1,0),
	(492,3551,530,-615.867,4740.1,41.675,3.40506,1,0),
	(493,3551,530,-501.324,4831.37,31.3792,2.65328,1,0),
	(494,3551,530,-680.89,4753.16,49.1469,2.53675,1,0),
	(495,3551,530,-659.295,4847.75,50.6,4.366,0,0),
	(496,3551,530,-602.823,4855.14,39.8936,1.79227,1,0),
	(497,3551,530,-703.521,4778.21,48.8678,4.01773,1,0),
	(498,3551,530,-553.303,4868.13,37.3653,3.76144,1,0),
	(499,3551,530,-515.049,4857.93,32.2146,5.69172,1,0),
	(500,3551,530,-506.422,4901.53,34.8975,5.2904,1,0),
	(501,3551,530,-439.824,4845.41,27.4448,4.58302,1,0),
	(502,3551,530,-656.707,4832.23,48.7726,5.0235,0,0),
	(503,3551,530,-671.447,4839.46,48.7776,3.5823,0,0),
	(504,3551,530,-669.985,4754.35,49.0507,2.36885,0,0),
	(505,3551,530,-673.548,4762.68,49.0339,3.83755,0,0),
	(506,3551,530,-712.854,4775.36,48.8115,6.18197,0,0),
	(507,3551,530,-702.338,4771.74,48.785,0.307188,0,0),
	(508,3551,530,-570.318,4793.66,34.621,3.01761,0,0),
	(509,3551,530,-573.097,4794.31,34.7423,6.03744,0,0),
	(510,3551,530,-604.803,4842.4,38.9357,5.02823,0,0),
	(511,3551,530,-497.62,4819.71,31.187,5.739,0,0),
	(512,3551,530,-500.8,4767.57,28.6441,0.323688,0,0),
	(513,3551,530,-500.337,4772.9,29.0487,5.79006,0,0),
	(514,3551,530,-514.229,4699.06,37.1913,1.45467,0,0),
	(515,3551,530,-527.452,4700.46,43.4357,0.406166,0,0),
	(516,3551,530,-567.711,4755.72,37.3557,3.41193,0,0),
	(517,3551,530,-609.326,4746.48,40.7753,1.67931,0,0),
	(518,3551,530,-605.374,4742.55,41.0426,0.348063,0,0),
	(519,3551,530,-453.636,4656.13,33.8457,4.76985,0,0),
	(520,3551,530,-448.54,4663.44,32.164,0.858556,0,0),
	(521,3551,530,-444.463,4738.75,20.8614,4.73449,0,0),
	(522,3551,530,-454.641,4758.53,22.4122,1.06589,0,0),
	(523,3551,530,-596.717,4848.46,38.9716,6.11208,0,0),
	(524,3551,530,-554.478,4873.02,37.6666,1.81202,0,0),
	(525,3551,530,-548.351,4865.63,36.4801,5.80969,0,0),
	(526,3551,530,-572.171,4754.57,38.0561,0.153307,0,0),
	(527,3551,530,-650.135,4790.19,48.6635,0.419566,0,0),
	(528,3551,530,-650.187,4811.99,48.6597,5.97862,0,0),
	(529,3551,530,-620.971,4815.91,39.5385,5.94329,0,0),
	(530,3551,530,-580.84,4815.55,34.6672,1.11621,0,0),
	(531,3551,530,-620.906,4788.69,39.2269,0.284493,0,0),
	(532,3551,530,-580.962,4819.47,35.6025,5.51214,0,0),
	(533,3551,530,-577.995,4817.84,34.4763,3.22893,0,0),
	(534,3551,530,-519.748,4853.51,33.9322,5.79791,0,0),
	(535,3551,530,-494.859,4836.7,30.7899,3.87369,0,0),
	(536,3551,530,-617.618,4800.32,38.5306,6.0912,2,690510),
	(537,3546,530,-1079.5,2608.61,28.7051,5.13127,0,0),
	(538,3546,530,-1092.64,2590.75,35.5135,5.2709,0,0),
	(539,3546,530,-1125.51,2545.6,48.3261,1.93731,0,0),
	(540,3546,530,-1109.07,2559.96,43.7398,5.32325,0,0),
	(541,3546,530,-1102.61,2576.19,38.9385,5.3058,0,0),
	(542,3546,530,-1130.39,2609.12,25.0246,3.61209,1,0),
	(543,3546,530,-1141.04,2538.22,50.09,4.81711,0,0),
	(544,3546,530,-1162.18,2658.22,8.73521,2.40128,1,0),
	(545,3546,530,-1191.58,2515.48,52.0219,0.605272,0,0),
	(546,3546,530,-1255.74,2517.58,40.6434,5.13127,0,0),
	(547,3546,530,-1278.84,2577.41,24.2291,1.02006,1,0),
	(548,3546,530,-1252.17,2588.88,24.5658,1.98571,1,0),
	(549,3546,530,-1268.29,2653.86,9.495,4.86198,0,0),
	(550,3546,530,-1454.53,2679.48,-43.1195,4.05838,1,0),
	(551,3546,530,-1450.44,2708.8,-41.1158,2.10569,1,0),
	(552,3546,530,-1218.54,2685.67,1.05283,2.9189,1,0),
	(553,3546,530,-1190.43,2714.72,-6.09432,1.90731,1,0),
	(554,3546,530,-1175.12,2749.09,-15.4867,4.80983,1,0),
	(555,3546,530,-1179.27,2686.4,2.7332,4.25311,1,0),
	(556,3546,530,-1410.16,2771.15,-45.4001,4.57326,1,0),
	(557,3546,530,-1389.48,2785.74,-43.4488,1.68956,1,0),
	(558,3546,530,-1450.19,2777.2,-55.8782,4.18185,1,0),
	(559,3546,530,-1453.5,2751,-49.5996,0.749443,1,0),
	(560,3546,530,-1393.48,2824.57,-42.6993,2.43762,1,0),
	(561,3546,530,-1248.58,2852.5,-13.2813,2.62838,1,0),
	(562,3546,530,-1217.13,2840.3,-16.0238,3.8694,1,0),
	(563,3546,530,-1221.13,2814.5,-21.2106,3.28197,1,0),
	(564,3546,530,-1179.65,2819.88,-19.2244,0.183795,1,0),
	(565,3546,530,-1200.97,2777.36,-25.0122,5.4575,1,0),
	(566,3546,530,-1194.4,2619.77,22.9671,1.54224,1,0),
	(567,3546,530,-1267.43,2651.65,10.0934,4.46876,1,0),
	(568,3546,530,-1300.07,2654.56,5.88407,3.34802,0,0),
	(569,3546,530,-1321.08,2665.72,-0.74735,6.08662,1,0),
	(570,3546,530,-1336.25,2677.9,-7.10834,0.974464,1,0),
	(571,3546,530,-1265.93,2684.52,-0.431907,5.19177,1,0),
	(572,3546,530,-1323.44,2732.81,-21.1545,0.856621,1,0),
	(573,3546,530,-1300.55,2714.81,-14.7791,3.64983,1,0),
	(574,3546,530,-1269.75,2737.23,-16.4188,4.72984,0,0),
	(575,3546,530,-1238.63,2751.68,-20.2207,3.48684,1,0),
	(576,3546,530,-1270.31,2718.17,-12.8431,2.11185,0,0),
	(577,3546,530,-1291.62,2894.85,-7.94297,3.69911,1,0),
	(578,3546,530,-1310.54,2797.67,-26.5147,3.71117,1,0),
	(579,3546,530,-1262.28,2868.47,-9.44853,4.29377,1,0),
	(580,3546,530,-1103.88,2618.38,23.634,4.40269,1,0),
	(581,3546,530,-1155.16,2623.71,20.0374,1.85178,1,0),
	(582,3546,530,-1211.75,2646.54,11.587,5.21125,1,0),
	(583,3546,530,-1381.01,2675.91,-22.633,4.39826,1,0),
	(584,3546,530,-1381.08,2738.41,-32.4164,0.632171,1,0),
	(585,3546,530,-1202.48,2627.72,17.2599,2.07063,1,0),
	(586,3546,530,-1203.62,2709.17,-4.42461,1.16526,1,0),
	(587,3546,530,-1208.28,2746.07,-15.6772,4.21335,1,0),
	(588,3546,530,-1446.92,2736.08,-44.6668,4.60936,1,0),
	(589,3546,530,-1478.84,2685.81,-48.819,6.06759,1,0),
	(590,3546,530,-1491.25,2741.02,-60.6751,3.67091,1,0),
	(591,3546,530,-1489.78,2719.79,-56.5391,0.457529,1,0),
	(592,3546,530,-1395.44,2807.85,-48.9735,3.68838,1,0),
	(593,3546,530,-1213.29,2836.65,-16.5395,5.92115,1,0),
	(594,3546,530,-1312.82,2640.84,8.26951,1.81514,0,0),
	(595,3546,530,-1308.5,2671.28,-0.349839,1.71956,1,0),
	(596,3546,530,-1409.47,2657.12,-21.3902,1.43744,0,0),
	(597,3546,530,-1340.1,2691.67,-12.6094,3.0169,0,0),
	(598,3546,530,-1275.35,2678.2,0.32137,5.53992,0,0),
	(599,3546,530,-1303.98,2719.01,-16.4768,0.897582,0,0),
	(600,3546,530,-1306.62,2687.23,-6.48917,5.38774,1,0),
	(601,3546,530,-1308.53,2689.54,-7.56887,5.36761,1,0),
	(602,3546,530,-1317.63,2810.37,-26.9287,3.19133,0,0),
	(603,3546,530,-1311.58,2767.75,-27.0801,4.59022,0,0),
	(604,3546,530,-1402.4,2707.9,-27.4831,1.05639,2,593810),
	(605,3798,530,-1218.34,4027.92,82.9614,0.795764,1,0),
	(606,3798,530,-1247.35,4023.44,98.3017,0.428727,1,0),
	(607,3798,530,-1288.68,4057.38,99.365,2.87148,1,0),
	(608,3798,530,-1218.4,4096.42,66.9478,1.81079,1,0),
	(609,3798,530,-1274.89,4073,87.9981,5.98088,1,0),
	(610,3798,530,-1341.8,4045.43,117.104,0.484045,1,0),
	(611,3798,530,-1320.69,4061.56,113.692,3.66728,1,0),
	(612,3798,530,-1142.1,4260.76,13.6017,2.24136,1,0),
	(613,3798,530,-1119.37,4257.96,14.2566,0.624212,1,0),
	(614,3798,530,-1094.83,4179.03,41.6893,5.81874,1,0),
	(615,3798,530,-1086.51,4202.88,17.1016,1.61922,1,0),
	(616,3798,530,-1092.82,4236.89,18.0597,1.62667,1,0),
	(617,3798,530,-1056.6,4202.31,15.518,3.11526,1,0),
	(618,3798,530,-947.313,4205.96,29.5115,1.40296,1,0),
	(619,3798,530,-948.779,4176.46,31.376,5.73024,1,0),
	(620,3798,530,-1182.6,4050.81,74.8426,5.3856,1,0),
	(621,3798,530,-1257.76,4053.21,87.5287,3.35528,1,0),
	(622,3798,530,-1221.25,4046.7,77.3959,6.01642,1,0),
	(623,3798,530,-1249.3,4120.69,67.0785,2.40273,1,0),
	(624,3798,530,-1255.03,4079.09,79.1374,2.1867,1,0),
	(625,3798,530,-1158.21,4127.48,79.9326,3.85785,1,0),
	(626,3798,530,-1243.23,4144.38,58.2902,2.05627,1,0),
	(627,3798,530,-1208.84,4156.3,50.7118,0.482288,1,0),
	(628,3798,530,-1218.98,4184.19,40.2448,3.64376,1,0),
	(629,3798,530,-1227.91,4212.14,40.2181,2.38221,0,0),
	(630,3798,530,-1187.98,4226.16,48.254,5.52394,1,0),
	(631,3798,530,-1172.92,4206.25,20.7548,5.02983,1,0),
	(632,3798,530,-1108.02,4199.97,16.2024,4.2532,1,0),
	(633,3798,530,-1006.8,4151.31,56.6211,2.90278,1,0),
	(634,3798,530,-1057.51,4177.22,32.7839,2.64465,1,0),
	(635,3798,530,-1047.05,4213.84,35.8308,6.07245,1,0),
	(636,3798,530,-999.128,4192.24,18.9923,2.63601,1,0),
	(637,3798,530,-1030.1,4193.19,15.7679,3.17422,1,0),
	(638,3798,530,-1149.9,4214.39,54.4755,4.05735,0,0),
	(639,3553,530,382.584,3417.08,61.303,3.98153,1,0),
	(640,3553,530,363.158,3466.47,60.1982,0.515998,1,0),
	(641,3553,530,439.696,3511.21,61.3039,3.35814,1,0),
	(642,3553,530,281.779,3434.44,64.7609,5.98891,0,0),
	(643,3553,530,226.794,3439.74,63.2062,5.66167,1,0),
	(644,3553,530,179.021,3448.1,63.3161,0.831668,1,0),
	(645,3553,530,157.566,3505.72,60.3312,5.17046,1,0),
	(646,3553,530,122.177,3521.32,61.1309,1.32411,1,0),
	(647,3553,530,88.9694,3486.56,62.6615,3.21351,1,0),
	(648,3553,530,51.1121,3478.62,61.5802,5.49571,1,0),
	(649,3553,530,117.948,3583.79,64.7768,2.47809,1,0),
	(650,3553,530,88.5121,3553.36,63.6596,3.7598,1,0),
	(651,3553,530,30.0999,3567.91,64.3863,3.87133,1,0),
	(652,3553,530,15.7155,3517.61,61.2586,5.66747,1,0),
	(653,3553,530,219.831,3500.98,62.9141,3.33255,1,0),
	(654,3553,530,340.11,3454.7,60.5453,1.91752,1,0),
	(655,3553,530,371.592,3371.69,63.3968,1.76569,1,0),
	(656,3553,530,144.676,3573.35,67.1821,3.77361,1,0),
	(657,3553,530,446.44,3391.33,68.0362,6.07946,1,0),
	(658,3553,530,269.86,3511.6,64.6477,2.36651,0,0),
	(659,3553,530,279.773,3479.16,63.377,4.19519,0,0),
	(660,3553,530,488.973,3526.62,66.9517,2.28917,1,0),
	(661,3553,530,212.302,3419.29,70.9173,5.41632,1,0),
	(662,3553,530,-4.08881,3504.59,60.3879,5.96903,0,0),
	(663,3553,530,92.0229,3458.39,69.6902,1.66621,1,0),
	(664,3553,530,36.7982,3460.36,64.3704,2.2906,0,0),
	(665,3553,530,409.408,3444.74,63.878,4.77027,1,0),
	(666,3553,530,301.99,3413.91,73.554,4.82492,1,0),
	(667,3553,530,462.594,3371.74,74.2846,5.07585,1,0),
	(668,3553,530,456.929,3253.76,59.3012,4.4833,1,0),
	(669,3553,530,402.905,3304.49,74.5559,2.12784,1,0),
	(670,3553,530,450.053,3344.51,65.9259,3.87123,1,0),
	(671,3553,530,381.359,3259.14,74.514,2.48254,1,0);

/*!40000 ALTER TABLE `world_pvp_guard_spawns` ENABLE KEYS */;
UNLOCK TABLES;



/*!40111 SET SQL_NOTES=@OLD_SQL_NOTES */;
/*!40101 SET SQL_MODE=@OLD_SQL_MODE */;
/*!40014 SET FOREIGN_KEY_CHECKS=@OLD_FOREIGN_KEY_CHECKS */;
/*!40101 SET CHARACTER_SET_CLIENT=@OLD_CHARACTER_SET_CLIENT */;
/*!40101 SET CHARACTER_SET_RESULTS=@OLD_CHARACTER_SET_RESULTS */;
/*!40101 SET COLLATION_CONNECTION=@OLD_COLLATION_CONNECTION */;
