# ************************************************************
# Sequel Pro SQL dump
# Version 4096
#
# http://www.sequelpro.com/
# http://code.google.com/p/sequel-pro/
#
# Host: 127.0.0.1 (MySQL 5.5.31-0+wheezy1)
# Database: auth
# Generation Time: 2013-09-11 21:59:53 +0000
# ************************************************************


/*!40101 SET @OLD_CHARACTER_SET_CLIENT=@@CHARACTER_SET_CLIENT */;
/*!40101 SET @OLD_CHARACTER_SET_RESULTS=@@CHARACTER_SET_RESULTS */;
/*!40101 SET @OLD_COLLATION_CONNECTION=@@COLLATION_CONNECTION */;
/*!40101 SET NAMES utf8 */;
/*!40014 SET @OLD_FOREIGN_KEY_CHECKS=@@FOREIGN_KEY_CHECKS, FOREIGN_KEY_CHECKS=0 */;
/*!40101 SET @OLD_SQL_MODE=@@SQL_MODE, SQL_MODE='NO_AUTO_VALUE_ON_ZERO' */;
/*!40111 SET @OLD_SQL_NOTES=@@SQL_NOTES, SQL_NOTES=0 */;


# Dump of table rbac_group_roles
# ------------------------------------------------------------

DROP TABLE IF EXISTS `rbac_group_roles`;

CREATE TABLE `rbac_group_roles` (
  `groupId` int(10) unsigned NOT NULL COMMENT 'group id',
  `roleId` int(10) unsigned NOT NULL COMMENT 'Role id',
  PRIMARY KEY (`groupId`,`roleId`),
  KEY `fk__rbac_group_roles__rbac_roles` (`roleId`),
  CONSTRAINT `fk__rbac_group_roles__rbac_groups` FOREIGN KEY (`groupId`) REFERENCES `rbac_groups` (`id`) ON DELETE CASCADE,
  CONSTRAINT `fk__rbac_group_roles__rbac_roles` FOREIGN KEY (`roleId`) REFERENCES `rbac_roles` (`id`) ON DELETE CASCADE
) ENGINE=InnoDB DEFAULT CHARSET=utf8 COMMENT='Group Role relation';

LOCK TABLES `rbac_group_roles` WRITE;
/*!40000 ALTER TABLE `rbac_group_roles` DISABLE KEYS */;

INSERT INTO `rbac_group_roles` (`groupId`, `roleId`)
VALUES
	(1,1),
	(2,2),
	(3,3),
	(4,4),
	(2,5),
	(1,6),
	(1,7),
	(2,8),
	(3,8),
	(4,8),
	(2,9),
	(3,9),
	(4,9),
	(2,10),
	(3,10),
	(4,10),
	(2,11),
	(3,11),
	(4,11),
	(2,12),
	(3,12),
	(4,12),
	(2,13),
	(3,13),
	(4,13),
	(2,14),
	(3,14),
	(4,14),
	(2,15),
	(3,15),
	(4,15),
	(2,16),
	(3,16),
	(4,16),
	(2,17),
	(3,17),
	(4,17),
	(4,18),
	(1,19),
	(2,19),
	(3,19),
	(4,19),
	(2,20),
	(3,20),
	(4,20),
	(2,21),
	(3,21),
	(4,21),
	(2,22),
	(3,22),
	(4,22),
	(4,23),
	(2,24),
	(3,24),
	(4,24),
	(2,25),
	(3,25),
	(4,25),
	(2,26),
	(3,26),
	(4,26),
	(2,27),
	(3,27),
	(4,27),
	(1,28),
	(2,28),
	(3,28),
	(4,28),
	(2,29),
	(3,29),
	(4,29),
	(1,30),
	(2,30),
	(3,30),
	(4,30),
	(2,31),
	(2,32),
	(3,32),
	(4,32),
	(2,33),
	(3,33),
	(4,33),
	(1,34),
	(1,35),
	(2,35),
	(3,35),
	(4,35),
	(1,36),
	(2,36),
	(3,36),
	(4,36),
	(2,37),
	(3,37),
	(4,37),
	(2,38),
	(3,38),
	(4,38),
	(4,39);

/*!40000 ALTER TABLE `rbac_group_roles` ENABLE KEYS */;
UNLOCK TABLES;


# Dump of table rbac_groups
# ------------------------------------------------------------

DROP TABLE IF EXISTS `rbac_groups`;

CREATE TABLE `rbac_groups` (
  `id` int(10) unsigned NOT NULL DEFAULT '0' COMMENT 'Group id',
  `name` varchar(100) NOT NULL COMMENT 'Group name',
  PRIMARY KEY (`id`)
) ENGINE=InnoDB DEFAULT CHARSET=utf8 COMMENT='Group List';

LOCK TABLES `rbac_groups` WRITE;
/*!40000 ALTER TABLE `rbac_groups` DISABLE KEYS */;

INSERT INTO `rbac_groups` (`id`, `name`)
VALUES
	(1,'Player'),
	(2,'Moderator'),
	(3,'GameMaster'),
	(4,'Administrator');

/*!40000 ALTER TABLE `rbac_groups` ENABLE KEYS */;
UNLOCK TABLES;


# Dump of table rbac_permissions
# ------------------------------------------------------------

DROP TABLE IF EXISTS `rbac_permissions`;

CREATE TABLE `rbac_permissions` (
  `id` int(10) unsigned NOT NULL DEFAULT '0' COMMENT 'Permission id',
  `name` varchar(100) NOT NULL COMMENT 'Permission name',
  PRIMARY KEY (`id`)
) ENGINE=InnoDB DEFAULT CHARSET=utf8 COMMENT='Permission List';

LOCK TABLES `rbac_permissions` WRITE;
/*!40000 ALTER TABLE `rbac_permissions` DISABLE KEYS */;

INSERT INTO `rbac_permissions` (`id`, `name`)
VALUES
	(1,'Instant logout'),
	(2,'Skip Queue'),
	(3,'Join Normal Battleground'),
	(4,'Join Random Battleground'),
	(5,'Join Arenas'),
	(6,'Join Dungeon Finder'),
	(7,'Player Commands (Temporal till commands moved to rbac)'),
	(8,'Moderator Commands (Temporal till commands moved to rbac)'),
	(9,'GameMaster Commands (Temporal till commands moved to rbac)'),
	(10,'Administrator Commands (Temporal till commands moved to rbac)'),
	(11,'Log GM trades'),
	(13,'Skip Instance required bosses check'),
	(14,'Skip character creation team mask check'),
	(15,'Skip character creation class mask check'),
	(16,'Skip character creation race mask check'),
	(17,'Skip character creation reserved name check'),
	(18,'Skip character creation heroic min level check'),
	(19,'Skip needed requirements to use channel check'),
	(20,'Skip disable map check'),
	(21,'Skip reset talents when used more than allowed check'),
	(22,'Skip spam chat check'),
	(23,'Skip over-speed ping check'),
	(24,'Two side faction characters on the same account'),
	(25,'Allow say chat between factions'),
	(26,'Allow channel chat between factions'),
	(27,'Two side mail interaction'),
	(28,'See two side who list'),
	(29,'Add friends of other faction'),
	(30,'Save character without delay with .save command'),
	(31,'Use params with .unstuck command'),
	(32,'Can be assigned tickets with .assign ticket command'),
	(33,'Notify if a command was not found'),
	(34,'Check if should appear in list using .gm ingame command'),
	(35,'See all security levels with who command'),
	(36,'Filter whispers'),
	(37,'Use staff badge in chat'),
	(38,'Resurrect with full Health Points'),
	(39,'Restore saved gm setting states'),
	(40,'Allows to add a gm to friend list'),
	(41,'Use Config option START_GM_LEVEL to assign new character level'),
	(42,'Allows to use CMSG_WORLD_TELEPORT opcode'),
	(43,'Allows to use CMSG_WHOIS opcode'),
	(44,'Receive global GM messages/texts'),
	(45,'Join channels without announce'),
	(46,'Change channel settings without being channel moderator'),
	(47,'Enables lower security than target check'),
	(48,'Enable IP, Last Login and EMail output in pinfo');

/*!40000 ALTER TABLE `rbac_permissions` ENABLE KEYS */;
UNLOCK TABLES;


# Dump of table rbac_role_permissions
# ------------------------------------------------------------

DROP TABLE IF EXISTS `rbac_role_permissions`;

CREATE TABLE `rbac_role_permissions` (
  `roleId` int(10) unsigned NOT NULL COMMENT 'Role id',
  `permissionId` int(10) unsigned NOT NULL COMMENT 'Permission id',
  PRIMARY KEY (`roleId`,`permissionId`),
  KEY `fk__role_permissions__rbac_permissions` (`permissionId`),
  CONSTRAINT `fk__role_permissions__rbac_permissions` FOREIGN KEY (`permissionId`) REFERENCES `rbac_permissions` (`id`) ON DELETE CASCADE,
  CONSTRAINT `fk__role_permissions__rbac_roles` FOREIGN KEY (`roleId`) REFERENCES `rbac_roles` (`id`) ON DELETE CASCADE
) ENGINE=InnoDB DEFAULT CHARSET=utf8 COMMENT='Role Permission relation';

LOCK TABLES `rbac_role_permissions` WRITE;
/*!40000 ALTER TABLE `rbac_role_permissions` DISABLE KEYS */;

INSERT INTO `rbac_role_permissions` (`roleId`, `permissionId`)
VALUES
	(5,1),
	(5,2),
	(6,3),
	(6,4),
	(6,5),
	(7,6),
	(1,7),
	(2,8),
	(3,9),
	(4,10),
	(8,11),
	(9,13),
	(33,14),
	(33,15),
	(33,16),
	(33,17),
	(33,18),
	(27,19),
	(22,20),
	(23,21),
	(24,22),
	(17,23),
	(34,24),
	(28,25),
	(30,26),
	(19,27),
	(35,28),
	(36,29),
	(11,30),
	(12,31),
	(10,32),
	(20,33),
	(14,34),
	(37,35),
	(29,36),
	(15,37),
	(13,38),
	(25,39),
	(38,40),
	(26,41),
	(18,42),
	(18,43),
	(16,44),
	(31,45),
	(32,46),
	(21,47),
	(39,48);

/*!40000 ALTER TABLE `rbac_role_permissions` ENABLE KEYS */;
UNLOCK TABLES;


# Dump of table rbac_roles
# ------------------------------------------------------------

DROP TABLE IF EXISTS `rbac_roles`;

CREATE TABLE `rbac_roles` (
  `id` int(10) unsigned NOT NULL DEFAULT '0' COMMENT 'Role id',
  `name` varchar(100) NOT NULL COMMENT 'Role name',
  PRIMARY KEY (`id`)
) ENGINE=InnoDB DEFAULT CHARSET=utf8 COMMENT='Roles List';

LOCK TABLES `rbac_roles` WRITE;
/*!40000 ALTER TABLE `rbac_roles` DISABLE KEYS */;

INSERT INTO `rbac_roles` (`id`, `name`)
VALUES
	(1,'Player Commands'),
	(2,'Moderator Commands'),
	(3,'GameMaster Commands'),
	(4,'Administrator Commands'),
	(5,'Quick Login/Logout'),
	(6,'Use Battleground/Arenas'),
	(7,'Use Dungeon Finder'),
	(8,'Log GM trades'),
	(9,'Skip Instance required bosses check'),
	(10,'Ticket management'),
	(11,'Instant .save'),
	(12,'Allow params with .unstuck'),
	(13,'Full HP after resurrect'),
	(14,'Appear in GM ingame list'),
	(15,'Use staff badge in chat'),
	(16,'Receive global GM messages/texts'),
	(17,'Skip over-speed ping check'),
	(18,'Allows Admin Opcodes'),
	(19,'Two side mail interaction'),
	(20,'Notify if a command was not found'),
	(21,'Enables lower security than target check'),
	(22,'Skip disable map check'),
	(23,'Skip reset talents when used more than allowed check'),
	(24,'Skip spam chat check'),
	(25,'Restore saved gm setting states'),
	(26,'Use Config option START_GM_LEVEL to assign new character level'),
	(27,'Skip needed requirements to use channel check'),
	(28,'Allow say chat between factions'),
	(29,'Filter whispers'),
	(30,'Allow channel chat between factions'),
	(31,'Join channels without announce'),
	(32,'Change channel settings without being channel moderator'),
	(33,'Skip character creation checks'),
	(34,'Two side faction characters on the same account'),
	(35,'See two side who list'),
	(36,'Add friends of other faction'),
	(37,'See all security levels with who command'),
	(38,'Allows to add a gm to friend list'),
	(39,'Enable IP, Last Login and EMail output in pinfo');

/*!40000 ALTER TABLE `rbac_roles` ENABLE KEYS */;
UNLOCK TABLES;


# Dump of table rbac_security_level_groups
# ------------------------------------------------------------

DROP TABLE IF EXISTS `rbac_security_level_groups`;

CREATE TABLE `rbac_security_level_groups` (
  `secId` tinyint(3) unsigned NOT NULL COMMENT 'Security Level id',
  `groupId` int(10) unsigned NOT NULL COMMENT 'group id',
  PRIMARY KEY (`secId`,`groupId`),
  KEY `fk__rbac_security_level_groups__rbac_groups` (`groupId`),
  CONSTRAINT `fk__rbac_security_level_groups__rbac_groups` FOREIGN KEY (`groupId`) REFERENCES `rbac_groups` (`id`)
) ENGINE=InnoDB DEFAULT CHARSET=utf8 COMMENT='Default groups to assign when an account is set gm level';

LOCK TABLES `rbac_security_level_groups` WRITE;
/*!40000 ALTER TABLE `rbac_security_level_groups` DISABLE KEYS */;

INSERT INTO `rbac_security_level_groups` (`secId`, `groupId`)
VALUES
	(0,1),
	(1,1),
	(2,1),
	(3,1),
	(1,2),
	(2,2),
	(3,2),
	(2,3),
	(3,3),
	(3,4);

/*!40000 ALTER TABLE `rbac_security_level_groups` ENABLE KEYS */;
UNLOCK TABLES;



/*!40111 SET SQL_NOTES=@OLD_SQL_NOTES */;
/*!40101 SET SQL_MODE=@OLD_SQL_MODE */;
/*!40014 SET FOREIGN_KEY_CHECKS=@OLD_FOREIGN_KEY_CHECKS */;
/*!40101 SET CHARACTER_SET_CLIENT=@OLD_CHARACTER_SET_CLIENT */;
/*!40101 SET CHARACTER_SET_RESULTS=@OLD_CHARACTER_SET_RESULTS */;
/*!40101 SET COLLATION_CONNECTION=@OLD_COLLATION_CONNECTION */;
